old_url,new_url,status
/en/guides/إدارة-الأموال/,/en/guides/money-management/,301
/en/guides/المصاريف/,/en/guides/expenses/,301
/en/guides/الميزانية/,/en/guides/budgeting/,301
/en/أخطاء-تنظيم-المصاريف/,/en/expense-management-mistakes/,301
/en/أرشيف-المقالات/,/en/articles-archive/,301
/en/أسئلة-الناس-عن-المصاريف/,/en/common-expense-questions/,301
/en/أسئلة-قبل-تحميل-محترف-المصاريف/,/en/pre-download-expense-manager-questions/,301
/en/أفضل-طريقة-لتتبع-المصاريف-يوميًا/,/en/best-way-to-track-daily-expenses/,301
/en/أفضل-طريقة-لتنظيم-المصاريف/,/en/best-way-to-organize-expenses/,301
/en/إدارة-المصاريف/,/en/expense-management/,301
/en/ابدأ-تنظيم-مصاريفك-الآن/,/en/start-organizing-expenses-now/,301
/en/ابدأ-من-الصفر/,/en/start-from-zero/,301
/en/اختبر-وضعك-المالي/,/en/financial-health-check/,301
/en/الادخار/,/en/saving-money/,301
/en/الديون/,/en/debt-basics/,301
/en/المصاريف/,/en/expenses-overview/,301
/en/المصاريف-في-مصر/,/en/egypt-expense-overview/,301
/en/الميزانية/,/en/budgeting-basics/,301
/en/الميزانية-الشهرية-خطوة-بخطوة/,/en/monthly-budget-step-by-step/,301
/en/الميزانية-في-المغرب/,/en/budget-in-morocco/,301
/en/النظام-المالي/,/en/financial-system/,301
/en/بدائل-إكسل-لإدارة-المصاريف/,/en/excel-alternatives-expense-management/,301
/en/تتبع-المصاريف/,/en/expense-tracking/,301
/en/تتبع-المصاريف-اليومية/,/en/daily-expense-tracking/,301
/en/تجارب-استخدام-محترف-المصاريف/,/en/expense-manager-user-stories/,301
/en/تحميل-تطبيق-تنظيم-المصاريف/,/en/download-expense-organizer-app/,301
/en/تطبيق-مصاريف-ام-دفتر/,/en/expense-app-vs-notebook/,301
/en/تقليل-المصاريف-الشهرية/,/en/reduce-monthly-expenses-guide/,301
/en/تنزيل-تطبيق-إدارة-المصاريف/,/en/download-expense-management-app/,301
/en/تنظيم-المصاريف/,/en/organize-expenses/,301
/en/تنظيم-المصاريف-بدون-تطبيق/,/en/organize-expenses-without-app/,301
/en/تنظيم-المصاريف-في-السعودية/,/en/organize-expenses-saudi-arabia/,301
/en/تنظيم-المصاريف-في-مصر-والمغرب/,/en/organize-expenses-egypt-morocco/,301
/en/تنظيم-المصاريف-للمبتدئين/,/en/expense-organization-for-beginners/,301
/en/تنظيم-الميزانية-في-المغرب/,/en/budget-planning-morocco/,301
/en/تنظيم-مصاريف-الاسرة/,/en/organize-family-expenses/,301
/en/حساب-المصاريف-الشهرية/,/en/calculate-monthly-expenses/,301
/en/حول-الخبير/,/en/about-the-expert/,301
/en/خريطة-إدارة-المصاريف/,/en/expense-management-roadmap/,301
/en/خريطة-المعرفة-المالية/,/en/financial-knowledge-map/,301
/en/خطة-30-يوم-لضبط-المصاريف/,/en/30-day-expense-control-plan/,301
/en/خطة-تطوير-محترف-المصاريف/,/en/expense-manager-development-plan/,301
/en/دليل-إدارة-المصاريف-والميزانية/,/en/expense-and-budget-management-guide/,301
/en/دليل-المصاريف-والميزانية/,/en/expenses-and-budget-guide/,301
/en/سجل-تحديثات-محترف-المصاريف/,/en/expense-manager-changelog/,301
/en/لماذا-تفشل-تطبيقات-تتبع-المصاريف/,/en/why-expense-tracking-apps-fail/,301
/en/لماذا-محترف-المصاريف-مختلف/,/en/why-expense-manager-different/,301
/en/لماذا-هذا-الموقع-موثوق/,/en/why-this-site-trusted/,301
/en/مصاريف-في-مصر/,/en/egypt-living-expense-plan/,301
/en/مصروفات-شهرية-في-مصر/,/en/monthly-expenses-in-egypt/,301
/en/مصطلحات-إدارة-الأموال/,/en/money-management-terms/,301
/en/مقارنة-أفضل-تطبيقات-إدارة-المصاريف-العربية/,/en/best-arabic-expense-apps-comparison/,301
/en/من-هو-فؤاد-شاويش/,/en/who-is-fouad-shawish/,301
/en/من-هو-محترف-المصاريف/,/en/who-is-expense-manager/,301
/en/منهج-إدارة-المصاريف/,/en/expense-management-methodology/,301
/en/منهج-محترف-المصاريف/,/en/expense-manager-methodology/,301
/en/نتائج-حقيقية-من-تنظيم-المصاريف/,/en/real-results-organizing-expenses/,301
/en/نظام-إدارة-مالية-شخصية-كامل/,/en/complete-personal-finance-system/,301
/en/هل-أحتاج-تطبيق-لإدارة-المصاريف/,/en/do-i-need-expense-app/,301
